time,total_flows,successful_flows,dropped_flows,in_network_flows,avg_end2end_delay_of_dropped_flows,avg_end2end_delay_of_processed_flows,avg_sf_processing_delay,avg_sfc_length,avg_crossed_link_delay,avg_path_delay,avg_path_delay_of_processed_flows,avg_ingress_2_egress_path_delay_of_processed_flows,avg_node_load,avg_link_load
0,30,0,0,30,0,0,0,2.7,0,0.0,0,0,0.0,0.0
100,700,281,10,409,45.91901065087215,43.64620015372836,4.9704289368414205,2.644285714285714,6.229982964224872,26.12142857142857,30.537366548042705,15.90391459074733,0.48293011897663235,0.1982638544146164
200,1418,840,86,492,46.74185487129506,53.89252352617896,5.015160696340402,2.6417489421720735,6.195766016713092,39.21509167842031,40.75714285714286,17.16547619047619,0.5195925165905309,0.28984107315427327
300,2041,1413,162,466,56.06984660432862,58.12330070749424,4.992362743642462,2.6482116609505146,6.179156908665106,46.538951494365506,45.044585987261144,17.438075017692853,0.5218183956715883,0.3170142099994347
400,2688,1960,248,480,66.40182730667898,59.310389297261075,4.989454412375194,2.6510416666666665,6.1516866754918516,50.13578869047619,46.17448979591837,17.444387755102042,0.518161669035142,0.33101080757605567
500,3397,2530,341,526,70.03735038578077,59.54391923035185,4.996952729642658,2.6464527524286137,6.086332919597297,51.96585222254931,46.409881422924904,17.413438735177866,0.5271253063882296,0.3431923440908519
600,4049,3108,416,525,73.84435637391753,60.0101893565416,5.003890316354782,2.646826376883181,6.038114426075677,54.03284761669548,46.84041184041184,17.39993564993565,0.5301091945381302,0.3518635540276958
700,4735,3696,497,542,75.45854676020525,60.50085075506607,5.008627816443709,2.6466737064413937,6.022107758227733,55.80274551214361,47.314935064935064,17.499729437229437,0.5311095005472841,0.3614824643541032
