time,total_flows,successful_flows,dropped_flows,in_network_flows,avg_end2end_delay_of_dropped_flows,avg_end2end_delay_of_processed_flows,avg_sf_processing_delay,avg_sfc_length,avg_crossed_link_delay,avg_path_delay,avg_path_delay_of_processed_flows,avg_ingress_2_egress_path_delay_of_processed_flows,avg_node_load,avg_link_load
0,32,0,0,32,0,0,0,2.75,0,0.0,0,0,0.0,0.0
100,705,337,0,368,0,39.74306111116607,4.9521529184040105,2.6723404255319148,5.561572956191791,22.869503546099292,26.658753709198812,18.43026706231454,0.41767927045154546,0.17694280300196993
200,1416,930,31,455,46.835310097722264,45.38258091797923,4.990559014778406,2.680084745762712,5.585781772093559,34.23658192090395,32.14193548387097,19.204301075268816,0.4659473560528224,0.27622951792500317
300,2116,1513,76,527,69.68434984620545,48.94059355519936,4.98585274864567,2.679111531190926,5.533659884451143,41.64366729678639,35.631196298744214,19.327825512227363,0.48558101180577645,0.3450667069813011
400,2822,2119,173,530,84.94927477137534,50.29926181818896,4.9888880724895,2.6817859673990077,5.489566880039904,46.79943302622254,37.00094384143464,19.63803680981595,0.4930796703167104,0.3911196808217825
500,3537,2685,255,597,94.33098831239766,50.905615147023,4.987763021228334,2.6779756856092733,5.4295547298532005,50.4026010743568,37.62458100558659,19.62756052141527,0.49777775255085244,0.4242902149262751
600,4257,3287,358,612,108.27276154267832,51.8840173482957,4.996043103713444,2.677707305614282,5.403715815915446,53.564951844021614,38.574383936720416,19.690295101916643,0.5002524673780074,0.45230946507247755
700,4995,3920,464,611,114.54057061063882,52.25995358527993,4.997471966196586,2.678078078078078,5.378229881082743,56.04664664664665,38.94183673469388,19.765051020408162,0.5038414775934225,0.4719812118715711
800,5662,4517,564,581,121.5658281846842,52.474439306391055,4.995647256179875,2.678735429176969,5.352418063931961,58.46538325679972,39.159619216294,19.83661722382112,0.5028010074137172,0.486330005631334
