time,total_flows,successful_flows,dropped_flows,in_network_flows,avg_end2end_delay_of_dropped_flows,avg_end2end_delay_of_processed_flows,avg_sf_processing_delay,avg_sfc_length,avg_crossed_link_delay,avg_path_delay,avg_path_delay_of_processed_flows,avg_ingress_2_egress_path_delay_of_processed_flows,avg_node_load,avg_link_load
0,21,0,0,21,0,0,0,2.761904761904762,0,0.0,0,0,0.0,0.0
100,505,262,0,243,0,38.32224045516009,5.021965156148406,2.704950495049505,5.201195219123506,20.681188118811882,24.977099236641223,14.969465648854962,0.3522223194578164,0.10059514217687657
200,967,742,0,225,0,41.44174414644206,4.994577350028288,2.6990692864529473,5.278274696879348,27.461220268872804,28.00134770889488,15.6455525606469,0.3814844363396906,0.12382572333618987
300,1449,1213,0,236,0,41.820430145671956,5.002899975351376,2.66735679779158,5.210500669996345,29.51897860593513,28.43116240725474,15.450123660346248,0.38737744017905507,0.1332507590583451
