time,total_flows,successful_flows,dropped_flows,in_network_flows,avg_end2end_delay_of_dropped_flows,avg_end2end_delay_of_processed_flows,avg_sf_processing_delay,avg_sfc_length,avg_crossed_link_delay,avg_path_delay,avg_path_delay_of_processed_flows,avg_ingress_2_egress_path_delay_of_processed_flows,avg_node_load,avg_link_load
0,35,0,0,35,0,0,0,2.8,0,0.0,0,0,0.0,0.0
100,828,350,35,443,27.724159241300608,41.95612343285052,4.99330838393735,2.677536231884058,5.399304693320089,26.25966183574879,28.771428571428572,14.531428571428572,0.5879398410896747,0.2415134643234572
200,1627,947,152,528,45.90659848507958,49.76002926499467,4.986784703775462,2.666256914566687,5.388388918298924,37.53657037492317,36.657866948257656,15.34002111932418,0.6287105958350859,0.32009160013668186
300,2420,1549,315,556,60.27299914608611,52.77734188735131,4.995048617003879,2.6578512396694216,5.3618427743313335,43.57272727272727,39.655907036797934,15.433828276307295,0.6384924649996985,0.3635957764224867
400,3217,2139,539,539,66.48190619538781,54.46262465493279,4.999676948794495,2.662729250854834,5.312659066345919,47.36804476220081,41.30528284244974,15.339410939691444,0.6465628500671715,0.389435809690646
