time,total_flows,successful_flows,dropped_flows,in_network_flows,avg_end2end_delay_of_dropped_flows,avg_end2end_delay_of_processed_flows,avg_sf_processing_delay,avg_sfc_length,avg_crossed_link_delay,avg_path_delay,avg_path_delay_of_processed_flows,avg_ingress_2_egress_path_delay_of_processed_flows,avg_node_load,avg_link_load
0,30,0,0,30,0,0,0,2.5,0,0.0,0,0,0.0,0.0
100,687,296,13,378,36.35284604584353,43.6480087421288,4.983641770785403,2.6695778748180494,5.878454878454878,25.695778748180494,30.52364864864865,17.986486486486488,0.5974881633155019,0.1764962141692487
200,1385,784,125,476,46.62442068974212,50.71184863782324,4.985623822122141,2.6671480144404334,5.717629046369204,37.748736462093866,37.516581632653065,19.446428571428573,0.6484147879672292,0.2659545307699021
