time,total_flows,successful_flows,dropped_flows,in_network_flows,avg_end2end_delay_of_dropped_flows,avg_end2end_delay_of_processed_flows,avg_sf_processing_delay,avg_sfc_length,avg_crossed_link_delay,avg_path_delay,avg_path_delay_of_processed_flows,avg_ingress_2_egress_path_delay_of_processed_flows,avg_node_load,avg_link_load
0,31,0,0,31,0,0,0,2.838709677419355,0,0.0,0,0,0.0,0.0
100,674,304,1,369,59.01766746875905,40.288862207927174,4.964517283051139,2.688427299703264,6.266115702479339,22.498516320474778,27.157894736842106,18.74342105263158,0.43372384617522375,0.17242939972399046
200,1380,932,5,443,49.92148094356071,46.00901283401229,4.987319119288218,2.6644927536231884,6.115167785234899,33.01304347826087,32.76502145922747,20.066523605150216,0.4698353844742464,0.25046339620003794
300,2090,1545,34,511,78.83853249116947,48.148220915121634,4.99449071222369,2.650239234449761,5.938537847746388,39.52679425837321,34.97022653721683,20.33527508090615,0.4850557598363063,0.3139626354985434
400,2784,2190,73,521,100.62709711407979,49.40579533439388,4.995393860022933,2.6573275862068964,5.828507379039791,44.827586206896555,36.218721461187215,20.511872146118723,0.4923810125503005,0.36195286900893825
500,3496,2755,156,585,113.46104278913154,50.11238586900739,4.995058979400596,2.655320366132723,5.7382545798688565,48.56178489702517,36.94301270417423,20.69255898366606,0.49354820385986814,0.40196147396227366
600,4165,3372,230,563,120.3276789536195,50.86227902467986,4.998138611196843,2.6581032412965184,5.686278092453865,52.30420168067227,37.66162514827995,20.86447212336892,0.4940470782572777,0.4319795338329428
700,4862,3971,303,588,127.03518979469776,51.42726735886766,4.997860008659082,2.658782394076512,5.652201740911418,54.48992184286302,38.186602870813395,20.924200453286325,0.49245140177786717,0.450075388549122
