time,total_flows,successful_flows,dropped_flows,in_network_flows,avg_end2end_delay_of_dropped_flows,avg_end2end_delay_of_processed_flows,avg_sf_processing_delay,avg_sfc_length,avg_crossed_link_delay,avg_path_delay,avg_path_delay_of_processed_flows,avg_ingress_2_egress_path_delay_of_processed_flows,avg_node_load,avg_link_load
0,36,0,0,36,0,0,0,2.7777777777777777,0,0.0,0,0,0.0,0.0
100,851,379,4,468,30.740643343568532,39.461357071579236,4.967063206111087,2.646298472385429,5.702506963788301,24.056404230317273,26.70448548812665,16.95778364116095,0.5037780648677515,0.23184932486193566
200,1656,1066,43,547,62.92787922561749,46.45100307988679,4.990941091309689,2.6582125603864735,5.629681516764733,36.39915458937198,33.334896810506564,18.058161350844276,0.5357477479577201,0.34134889466385643
300,2454,1726,150,578,80.28270468895079,49.106175378789224,4.991818298261941,2.6601466992665035,5.526022592458864,43.65647921760391,35.974507531865584,18.207995365005793,0.5452345355261111,0.4120944012773868
400,3240,2386,248,606,89.3162728789333,50.948164449372456,4.991359958209323,2.666358024691358,5.460162320842687,48.79598765432099,37.76487845766974,18.18273260687343,0.5505990113014326,0.4557175834833421
