time,total_flows,successful_flows,dropped_flows,in_network_flows,avg_end2end_delay_of_dropped_flows,avg_end2end_delay_of_processed_flows,avg_sf_processing_delay,avg_sfc_length,avg_crossed_link_delay,avg_path_delay,avg_path_delay_of_processed_flows,avg_ingress_2_egress_path_delay_of_processed_flows,avg_node_load,avg_link_load
0,35,0,0,35,0,0,0,2.742857142857143,0,0.0,0,0,0.0,0.0
100,814,357,22,435,15.092870574153094,44.48596232834647,4.978678848758672,2.652334152334152,5.742608695652174,24.33906633906634,31.535014005602243,18.789915966386555,0.4930593198707087,0.2019448719321879
200,1626,1042,136,448,25.42642801604346,50.58868668950512,4.997250642889128,2.651291512915129,5.847856909150398,32.9760147601476,37.436660268714014,19.833013435700575,0.5471632720220129,0.2537104096614712
