time,total_flows,successful_flows,dropped_flows,in_network_flows,avg_end2end_delay_of_dropped_flows,avg_end2end_delay_of_processed_flows,avg_sf_processing_delay,avg_sfc_length,avg_crossed_link_delay,avg_path_delay,avg_path_delay_of_processed_flows,avg_ingress_2_egress_path_delay_of_processed_flows,avg_node_load,avg_link_load
0,16,0,0,16,0,0,0,2.8125,0,0.0,0,0,0.0,0.0
100,371,179,0,192,0,41.9153783923827,5.013499412293761,2.6442048517520216,5.705105105105105,25.60377358490566,28.837988826815643,14.983240223463687,0.31741043179558776,0.10352256751968722
200,740,507,4,229,51.40373828201798,46.47195517827309,4.997639215982993,2.633783783783784,5.690802788396672,34.19864864864865,33.451676528599606,15.416173570019724,0.33406139315230693,0.13372889905013308
300,1111,891,4,216,51.40373828201798,48.84072726923539,4.98372562946213,2.6354635463546354,5.589276552077989,39.22052205220522,35.764309764309765,15.363636363636363,0.3542127969229183,0.15131551597394138
400,1504,1237,4,263,51.40373828201798,49.30518491052511,4.996637248673014,2.644281914893617,5.501884477167149,41.736037234042556,36.21503637833468,15.365400161681487,0.35704515521127306,0.16462803128585057
500,1871,1582,7,282,49.37076881139983,50.246348943599344,4.997559945284634,2.646178514163549,5.4449339207048455,44.921432389096736,37.085335018963335,15.27623261694058,0.36053577346104737,0.17853029786096417
600,2242,1961,12,269,135.17051201604247,51.094745371476186,5.004889729461048,2.6543264942016056,5.398804397385886,47.5321141837645,37.87863335033146,15.339112697603264,0.37266388645699156,0.19063878781675064
700,2599,2321,15,263,127.90497522795982,50.99847214370407,5.001580869570769,2.6525586764140052,5.361144970787272,49.075413620623316,37.755277897457994,15.333907798362775,0.37102327114510086,0.1960289398447995
800,2963,2659,21,283,106.4695365928704,51.26915998914862,5.003829610374763,2.656429294633817,5.335289723615409,50.62132973337833,38.036479879654,15.288454306130124,0.37055241301350916,0.20311227771981935
