time,total_flows,successful_flows,dropped_flows,in_network_flows,avg_end2end_delay_of_dropped_flows,avg_end2end_delay_of_processed_flows,avg_sf_processing_delay,avg_sfc_length,avg_crossed_link_delay,avg_path_delay,avg_path_delay_of_processed_flows,avg_ingress_2_egress_path_delay_of_processed_flows,avg_node_load,avg_link_load
0,13,0,0,13,0,0,0,2.8461538461538463,0,0.0,0,0,0.0,0.0
100,309,171,0,138,0,37.711512710373654,5.007380185719121,2.6601941747572817,5.949709864603482,19.90938511326861,24.573099415204677,14.748538011695906,0.21009490667510175,0.06596288094484862
200,605,468,0,137,0,40.5368422005694,5.003526536800793,2.677685950413223,5.98265042451089,26.788429752066115,27.286324786324787,15.13034188034188,0.2245915810070125,0.08284032682453951
300,897,766,0,131,0,41.89745195798521,4.997311881319027,2.6867335562987735,5.944543034605147,29.875139353400222,28.54569190600522,15.296344647519582,0.22721755760408024,0.0914527326460833
400,1192,1033,0,159,0,42.00681070749125,5.001502287772457,2.6854026845637584,5.851754521564384,31.75755033557047,28.619554695062924,15.571151984511133,0.22337013311526863,0.09809309486670843
500,1487,1319,0,168,0,42.31120379988532,4.992369326397203,2.683927370544721,5.802126675913084,33.75924680564896,28.94238059135709,15.780136467020471,0.22355089149072777,0.10622868182797739
600,1807,1623,0,184,0,42.611364800560274,4.984726086177827,2.683453237410072,5.764451647757968,35.42888765910349,29.256315465187924,15.898336414048059,0.22750207548849047,0.11497768849882804
700,2100,1914,0,186,0,42.63957247287365,4.990541440151034,2.6785714285714284,5.708561418874535,37.244285714285716,29.304075235109718,15.824973876698015,0.22901809988712332,0.12314057114382315
