time,total_flows,successful_flows,dropped_flows,in_network_flows,avg_end2end_delay_of_dropped_flows,avg_end2end_delay_of_processed_flows,avg_sf_processing_delay,avg_sfc_length,avg_crossed_link_delay,avg_path_delay,avg_path_delay_of_processed_flows,avg_ingress_2_egress_path_delay_of_processed_flows,avg_node_load,avg_link_load
0,16,0,0,16,0,0,0,2.75,0,0.0,0,0,0.0,0.0
100,384,157,1,226,36.733609114428546,46.18143449733084,4.94923074686492,2.6953125,6.726439790575916,26.765625,33.05095541401274,21.987261146496817,0.4174847846441923,0.1046877825132378
200,735,440,6,289,35.15212513850631,53.92568876302457,4.983057398513116,2.6897959183673468,6.867699115044248,42.23401360544218,40.63636363636363,22.418181818181818,0.4618176491797421,0.1572193419244954
300,1078,747,16,315,89.6005981568299,59.215462635264494,4.976333163822661,2.6827458256029684,6.854032356161051,52.26994434137291,45.98661311914324,22.46586345381526,0.46588120173489334,0.19145350682323137
400,1458,1056,54,348,111.93895479225503,62.72670215166961,4.992435548739656,2.6776406035665294,6.864515611204752,58.65912208504801,49.496212121212125,22.59753787878788,0.4887526114833274,0.22089508357989038
500,1795,1379,79,337,119.78851163547675,65.64034385682454,4.994592330467125,2.675766016713092,6.835291311348321,63.855710306406685,52.379985496736765,22.672226250906455,0.49199462431947383,0.23744242824899273
600,2177,1689,110,378,127.29184399954124,67.0040827039464,4.993070733596359,2.679375287092329,6.827183734939759,66.63481855764815,53.71284783895796,22.67140319715808,0.49312506865265343,0.25117705300780124
