time,total_flows,successful_flows,dropped_flows,in_network_flows,avg_end2end_delay_of_dropped_flows,avg_end2end_delay_of_processed_flows,avg_sf_processing_delay,avg_sfc_length,avg_crossed_link_delay,avg_path_delay,avg_path_delay_of_processed_flows,avg_ingress_2_egress_path_delay_of_processed_flows,avg_node_load,avg_link_load
0,28,0,0,28,0,0,0,2.7142857142857144,0,0.0,0,0,0.0,0.0
100,626,314,29,283,31.375430165872196,37.33645615081703,4.959846035062177,2.643769968051118,4.933890048712596,22.6517571884984,24.401273885350317,12.85031847133758,0.49251164188072594,0.15031264730410798
200,1232,773,110,349,42.821319538499566,43.140732847023635,4.999157524538173,2.648538961038961,4.946134663341646,32.19805194805195,30.085381630012936,13.280724450194048,0.5317203528210542,0.2096914194810629
