time,total_flows,successful_flows,dropped_flows,in_network_flows,avg_end2end_delay_of_dropped_flows,avg_end2end_delay_of_processed_flows,avg_sf_processing_delay,avg_sfc_length,avg_crossed_link_delay,avg_path_delay,avg_path_delay_of_processed_flows,avg_ingress_2_egress_path_delay_of_processed_flows,avg_node_load,avg_link_load
0,24,0,0,24,0,0,0,2.5833333333333335,0,0.0,0,0,0.0,0.0
100,537,205,10,322,46.19723869670686,46.74510482575259,4.9814938511862,2.644320297951583,6.430944055944056,27.400372439478584,34.01951219512195,20.673170731707316,0.46936353089407634,0.15944569312878465
200,1064,645,42,377,61.34058889505917,53.558746362137605,4.9780919164879815,2.6409774436090228,6.449047475052918,40.088345864661655,40.59224806201551,21.47751937984496,0.517910794261902,0.21849007218500643
300,1601,1107,67,427,69.45202101994937,57.41795594883801,4.992559815380809,2.652717051842598,6.368313458262351,46.69831355402873,44.32881662149955,22.166214995483287,0.5422351754670864,0.25251919130831707
400,2129,1593,111,425,86.47122862159885,58.773403979684026,4.979222931724947,2.6472522310944107,6.285365991948744,52.06904650070456,45.67043314500942,21.940364092906467,0.5537713492908374,0.2792870708458976
500,2695,2052,174,469,99.00605001931541,60.24416404763942,4.98888190037679,2.6567717996289426,6.221007842482897,55.33580705009276,47.129629629629626,21.97222222222222,0.5620727582233634,0.30365445772861216
600,3203,2506,250,447,98.82474064042094,61.377006210239934,4.98944522934389,2.655010927255698,6.195874929985832,58.71089603496722,48.250598563447724,21.95051875498803,0.5641818496839002,0.3188008333809519
700,3714,2944,317,453,111.3474005642522,62.19968386103397,4.987551627733168,2.652127086698977,6.158283742289612,61.020732364028,49.07065217391305,22.003736413043477,0.5634241620351971,0.32823267266306827
