time,total_flows,successful_flows,dropped_flows,in_network_flows,avg_end2end_delay_of_dropped_flows,avg_end2end_delay_of_processed_flows,avg_sf_processing_delay,avg_sfc_length,avg_crossed_link_delay,avg_path_delay,avg_path_delay_of_processed_flows,avg_ingress_2_egress_path_delay_of_processed_flows,avg_node_load,avg_link_load
0,30,0,0,30,0,0,0,2.7333333333333334,0,0.0,0,0,0.0,0.0
100,691,298,14,379,35.658500510648445,43.80620831908895,4.943944284739449,2.6743849493487697,6.006473594548552,25.5123010130246,30.590604026845636,19.44295302013423,0.5531776481039088,0.19451917856546724
200,1346,915,32,399,37.49791524996208,50.03869742190507,4.9371365527549536,2.6849925705794946,5.948934560585046,35.05274888558692,36.87978142076503,20.175956284153006,0.5718628866881738,0.23230353313102495
300,2029,1550,77,402,66.49293138313405,51.401357677968136,4.966401954106771,2.681123706259241,5.872494224606901,38.83834401182849,38.15741935483871,20.39483870967742,0.5922399796766624,0.2550037885613875
400,2701,2125,151,425,61.734602059966534,52.12666394430472,4.976556240803859,2.6793780081451315,5.8662943841534085,41.22695298037764,38.88847058823529,20.49411764705882,0.5952717977948858,0.2699290397097287
500,3332,2707,209,416,63.356752452084436,52.954566504673956,4.986589523387993,2.6785714285714284,5.832978081640861,43.528511404561826,39.66087920206871,20.653860362024382,0.596627042819907,0.28016576134198257
600,3990,3303,251,436,66.05202971030901,53.281749516161895,4.990937694625724,2.676190476190476,5.784023764166478,44.896491228070175,39.98516500151378,20.793218286406297,0.5948842330735611,0.2875769172980122
