time,total_flows,successful_flows,dropped_flows,in_network_flows,avg_end2end_delay_of_dropped_flows,avg_end2end_delay_of_processed_flows,avg_sf_processing_delay,avg_sfc_length,avg_crossed_link_delay,avg_path_delay,avg_path_delay_of_processed_flows,avg_ingress_2_egress_path_delay_of_processed_flows,avg_node_load,avg_link_load
0,32,0,0,32,0,0,0,2.65625,0,0.0,0,0,0.0,0.0
100,733,337,7,389,29.931823670054964,42.68358859396318,4.963990945378147,2.6821282401091406,6.55872902534809,25.06275579809004,29.605341246290802,18.976261127596437,0.4955922660687874,0.19771781641165362
200,1403,946,31,426,45.68421251830304,51.572984080634846,4.990501517409915,2.6863863150392016,6.493098159509202,36.20955096222381,38.305496828752645,20.461945031712474,0.5336750497924049,0.25517451374572425
300,2130,1590,56,484,50.20580172065085,53.160795974439104,4.9892167720339735,2.68075117370892,6.462886365345566,40.34600938967136,39.84905660377358,20.657232704402517,0.5384682423857152,0.2782395586507957
400,2801,2238,115,448,69.53835932815491,54.57347217198699,4.989329100008446,2.6858264905390934,6.4208402317880795,44.30631917172438,41.25871313672922,20.6532618409294,0.5515837584786643,0.30081967588184866
500,3541,2883,160,498,70.48036036188468,55.28363005960591,4.9828244419520535,2.6825755436317427,6.363664741688778,46.05704603219429,41.96184530003469,20.68435657301422,0.5525252176796843,0.315343574301112
600,4242,3511,205,526,79.72110123313561,55.732366989325534,4.985581890888005,2.6805752003771808,6.3114379286906015,48.155586987270155,42.42836798632868,20.77072059242381,0.5568657860884997,0.3315059964609548
