time,total_flows,successful_flows,dropped_flows,in_network_flows,avg_end2end_delay_of_dropped_flows,avg_end2end_delay_of_processed_flows,avg_sf_processing_delay,avg_sfc_length,avg_crossed_link_delay,avg_path_delay,avg_path_delay_of_processed_flows,avg_ingress_2_egress_path_delay_of_processed_flows,avg_node_load,avg_link_load
0,28,0,0,28,0,0,0,2.6785714285714284,0,0.0,0,0,0.0,0.0
100,647,257,14,376,42.97900165723872,46.11531883099373,4.928038810643586,2.6738794435857804,6.409574468085107,26.0741885625966,33.190661478599225,18.101167315175097,0.3897277732463295,0.1904398942453732
200,1236,787,45,404,52.39712446987895,54.00395506092988,5.005278227759385,2.6553398058252426,6.284370570802731,39.46035598705502,40.84879288437103,19.70775095298602,0.4574407538201802,0.251016308543491
300,1848,1347,74,427,56.8682271737894,56.60945213864324,5.002603373890581,2.6634199134199132,6.227556774881878,44.21969696969697,43.39569413511507,19.82776540460282,0.4635026856433879,0.2699914991449778
