time,total_flows,successful_flows,dropped_flows,in_network_flows,avg_end2end_delay_of_dropped_flows,avg_end2end_delay_of_processed_flows,avg_sf_processing_delay,avg_sfc_length,avg_crossed_link_delay,avg_path_delay,avg_path_delay_of_processed_flows,avg_ingress_2_egress_path_delay_of_processed_flows,avg_node_load,avg_link_load
0,26,0,0,26,0,0,0,2.730769230769231,0,0.0,0,0,0.0,0.0
100,620,294,7,319,46.523326625255514,40.94482957706622,4.99470513140773,2.7112903225806453,6.408672798948752,23.598387096774193,27.693877551020407,14.57482993197279,0.37467122980251666,0.1476756639633501
200,1184,868,18,298,57.31069316419535,47.55550685065046,4.991295355589405,2.697635135135135,6.380286325489551,32.74746621621622,34.164746543778804,15.23963133640553,0.42333039306716136,0.18757083853616408
300,1737,1408,21,308,51.26630842645316,48.24976526431942,5.001926470317767,2.6816350028785263,6.368744048248862,34.65227403569372,34.859375,15.0234375,0.41773639725303424,0.18809139073033346
