time,total_flows,successful_flows,dropped_flows,in_network_flows,avg_end2end_delay_of_dropped_flows,avg_end2end_delay_of_processed_flows,avg_sf_processing_delay,avg_sfc_length,avg_crossed_link_delay,avg_path_delay,avg_path_delay_of_processed_flows,avg_ingress_2_egress_path_delay_of_processed_flows,avg_node_load,avg_link_load
0,31,0,0,31,0,0,0,2.5806451612903225,0,0.0,0,0,0.0,0.0
100,718,314,15,389,40.35068009985984,40.88896761298153,4.986909367195103,2.671309192200557,6.383716684921504,24.352367688022284,27.85031847133758,13.920382165605096,0.48046618429312277,0.18655540403056536
200,1429,983,35,411,45.81988793277896,47.82082866231,4.988570208927842,2.6738978306508048,6.363696897056865,33.439468159552135,34.57171922685656,14.981688708036623,0.5225603111803889,0.23382616360764136
