time,total_flows,successful_flows,dropped_flows,in_network_flows,avg_end2end_delay_of_dropped_flows,avg_end2end_delay_of_processed_flows,avg_sf_processing_delay,avg_sfc_length,avg_crossed_link_delay,avg_path_delay,avg_path_delay_of_processed_flows,avg_ingress_2_egress_path_delay_of_processed_flows,avg_node_load,avg_link_load
0,25,0,0,25,0,0,0,2.8,0,0.0,0,0,0.0,0.0
100,539,244,0,295,0,44.57082379862376,4.958445898493848,2.6901669758812616,6.527413876758855,24.959183673469386,31.5327868852459,20.299180327868854,0.4557973733583462,0.13453628857018682
200,1084,719,14,351,35.49746807782906,51.756110443185165,4.962810508608222,2.683579335793358,6.639953153756065,36.611623616236166,38.51182197496523,21.630041724617524,0.5282589994305332,0.19563088202545476
