time,total_flows,successful_flows,dropped_flows,in_network_flows,avg_end2end_delay_of_dropped_flows,avg_end2end_delay_of_processed_flows,avg_sf_processing_delay,avg_sfc_length,avg_crossed_link_delay,avg_path_delay,avg_path_delay_of_processed_flows,avg_ingress_2_egress_path_delay_of_processed_flows,avg_node_load,avg_link_load
0,27,0,0,27,0,0,0,2.740740740740741,0,0.0,0,0,0.0,0.0
100,633,306,4,323,36.33926049788103,41.92937968648402,4.964233216679966,2.6729857819905214,6.180060163300387,22.71879936808847,28.833333333333332,20.45098039215686,0.39214501845838107,0.14738808454601293
200,1273,895,6,372,42.07053759481456,46.00821350592864,4.955484069158145,2.6582875098193246,6.109486828079793,31.516889238020426,32.90614525139665,20.764245810055865,0.4223282718514245,0.2033267570439537
300,1874,1484,14,376,37.731906225332025,47.92308443301835,4.970349522964666,2.663820704375667,6.004280821917808,37.42262540021345,34.76145552560647,21.41846361185984,0.4377348501615809,0.24654588700515145
400,2471,2030,22,419,66.93876906296096,48.86289024723866,4.986010836993791,2.65965196276811,5.875751966682092,41.108862808579524,35.67733990147783,21.15024630541872,0.4400498845518407,0.2775785683763621
500,3085,2554,42,489,102.14500947092654,49.4749535629651,4.98999230647852,2.660615883306321,5.7349552921605325,44.69918962722853,36.25841816758027,21.2247454972592,0.4457719248127926,0.31392519244170836
600,3703,3081,105,517,103.15178589842253,49.92066262963639,4.991565509672841,2.665406427221172,5.633986722461693,48.356737780178236,36.69328140214216,21.172346640701072,0.44902512260529337,0.3503327725146313
700,4320,3644,149,527,133.1561447520832,50.555019995022974,4.992894285817774,2.6662037037037036,5.5648360410644875,51.696296296296296,37.321624588364436,21.155323819978047,0.45171496542581496,0.3814741417407038
