time,total_flows,successful_flows,dropped_flows,in_network_flows,avg_end2end_delay_of_dropped_flows,avg_end2end_delay_of_processed_flows,avg_sf_processing_delay,avg_sfc_length,avg_crossed_link_delay,avg_path_delay,avg_path_delay_of_processed_flows,avg_ingress_2_egress_path_delay_of_processed_flows,avg_node_load,avg_link_load
0,23,0,0,23,0,0,0,2.4347826086956523,0,0.0,0,0,0.0,0.0
100,502,177,1,324,14.36300001379471,47.27820594307704,5.035165276152846,2.649402390438247,6.586459286367795,28.681274900398407,34.3728813559322,17.16949152542373,0.4515716498266844,0.14477168746550848
200,1044,587,52,405,47.12812383802251,58.89493050274665,5.00986227051591,2.6810344827586206,6.485975958786491,43.41379310344828,45.63713798977854,18.638841567291312,0.5349456121063191,0.22377550563785653
